ListSchema={"schemaXmlList":["<Field ID=\"{fa564e0f-0c70-4ab9-b863-0177e6ddd247}\" Type=\"Text\" Name=\"Title\" DisplayName=\"Title\" Required=\"FALSE\" SourceID=\"http://schemas.microsoft.com/sharepoint/v3\" StaticName=\"Title\" FromBaseType=\"TRUE\" MaxLength=\"255\" />","<Field ID=\"{cd8e353d-ca6e-487e-8f50-727e091133c4}\" DisplayName=\"Offizieller Titel\" Name=\"field_1\" StaticName=\"field_1\" Type=\"Text\" />","<Field ID=\"{9d3a82b7-d3cc-4a21-9f2c-5a84652e1c83}\" DisplayName=\"Kurzbeschreibung\" Name=\"field_2\" StaticName=\"field_2\" Type=\"Text\" />","<Field ID=\"{4f83c144-9d26-4275-a117-cdc25e187d0f}\" DisplayName=\"Ausgangssituation\" Name=\"field_3\" StaticName=\"field_3\" Type=\"Note\" />","<Field ID=\"{21a767db-8559-47f0-92ab-2ef87aeea2c6}\" DisplayName=\"KI-Lösung\" Name=\"field_4\" StaticName=\"field_4\" Type=\"Note\" />","<Field ID=\"{added7a0-81f3-4766-af9e-abb00fc7e394}\" DisplayName=\"Kundennutzen\" Name=\"field_5\" StaticName=\"field_5\" Type=\"Note\" />","<Field ID=\"{778c380b-4fd9-45c1-a85b-822933003662}\" DisplayName=\"Quelle\" Name=\"field_6\" StaticName=\"field_6\" Type=\"Text\" />","<Field ID=\"{9d56b453-f73b-4663-9840-702170813bc7}\" DisplayName=\"Status\" Name=\"field_7\" StaticName=\"field_7\" Type=\"Note\" />","<Field ID=\"{8be7f389-67f6-4a8f-99b0-b20ed557e34b}\" DisplayName=\"Verantwortlich\" Name=\"field_8\" StaticName=\"field_8\" Type=\"Text\" />","<Field ID=\"{7a5799d5-ca30-45f3-84c4-5b44c7405db6}\" DisplayName=\"Branche\" Name=\"field_9\" StaticName=\"field_9\" Type=\"Text\" />","<Field ID=\"{6883895c-cfdc-4b06-a789-f360185c1948}\" DisplayName=\"Funktion\" Name=\"field_10\" StaticName=\"field_10\" Type=\"Text\" />","<Field ID=\"{aba830bb-7ad0-448d-8e80-ad92b337528c}\" DisplayName=\"Komplexität\" Name=\"field_11\" StaticName=\"field_11\" Type=\"Text\" />","<Field ID=\"{e0229c9d-0c43-497e-8efc-112612f2d3b6}\" DisplayName=\"ROI-Potenzial\" Name=\"field_12\" StaticName=\"field_12\" Type=\"Text\" />","<Field ID=\"{9df4a144-fa67-4e56-b3ee-63d4886b40ad}\" DisplayName=\"Abhängigkeiten\" Name=\"field_13\" StaticName=\"field_13\" Type=\"Text\" />","<Field DisplayName=\"Demo verfügbar \" Format=\"Hyperlink\" IsModern=\"TRUE\" Name=\"Demoverf_x00fc_gbar\" Title=\"Demo verfügbar \" Type=\"URL\" ID=\"{d2e3a855-4bed-4911-b53a-2c927277add5}\" StaticName=\"Demoverf_x00fc_gbar\" />"]}
"Titel","Offizieller Titel","Kurzbeschreibung","Ausgangssituation","KI-Lösung","Kundennutzen","Quelle","Status","Verantwortlich","Branche","Funktion","Komplexität","ROI-Potenzial","Abhängigkeiten","Demo verfügbar "
"1","KI-gestützte Chatbots und virtuelle Assistenten im Kundenservice","Automatisierung von Kundenanfragen und -support durch intelligente Chatbots zur Effizienzsteigerung und Verbesserung der Kundenerfahrung.","Hohes Anfragevolumen, lange Wartezeiten, repetitive Aufgaben für menschliche Agenten, Erwartung von 24/7 Support.","Natural Language Processing (NLP) und Machine Learning (ML) basierte Chatbots verstehen und beantworten Standardanfragen, führen einfache Transaktionen durch und leiten komplexe Fälle an menschliche Agenten weiter.","Bis zu 30% Reduktion der Supportkosten, 24/7 Verfügbarkeit, sofortige Antworten auf häufige Fragen, Entlastung der Mitarbeiter für komplexere Aufgaben, verbesserte Kundenzufriedenheit.","Zahlreiche Unternehmen branchenübergreifend (z.B. Lufthansa, Telekom, Zalando), Plattformen wie Dialogflow, IBM Watson Assistant, Microsoft Bot Framework.","Weit verbreitet und etabliert, kontinuierliche Weiterentwicklung (z.B. Voice-Integration, emotionalere Interaktion).","Kundenserviceleitung, IT-Abteilung, Digitalisierungsteam.","Branchenübergreifend (besonders E-Commerce, Telekommunikation, Finanzdienstleistungen, Reisen)","Kundenservice, Support, Vertrieb (Lead-Qualifizierung)","Mittel bis Hoch (abhängig von Integrationstiefe und Funktionsumfang)","Hoch (Kostensenkung, Effizienzsteigerung, Kundenzufriedenheit)","Gute Wissensdatenbank, CRM-Integration, klare Prozessdefinitionen, Trainingsdaten.",
"2","KI-gestützte automatische Transkription und Zusammenfassung von Meetings","Erstellung von Meetingprotokollen und Zusammenfassungen durch automatische Spracherkennung und Textanalyse.","Zeitaufwendige manuelle Protokollierung von Meetings, Informationsverlust, unstrukturierte Notizen.","Spracherkennung (Speech-to-Text) transkribiert das gesprochene Wort, NLP identifiziert Sprecher, Schlüsselthemen, Entscheidungen und Action Items und fasst diese zusammen.","Bis zu 90% Zeitersparnis bei der Protokollerstellung, verbesserte Nachverfolgbarkeit von Beschlüssen und Aufgaben, erhöhte Meeting-Effizienz, bessere Informationsverteilung.","Microsoft Teams (Copilot), Zoom AI Companion, Otter.ai, Google Meet.","Rasch zunehmende Verbreitung, Integration in gängige Kollaborationstools.","Projektmanagement, Teamleiter, alle Meeting-Teilnehmer.","Branchenübergreifend","Projektmanagement, Team-Kollaboration, Allgemeine Verwaltung","Mittel","Mittel bis Hoch (Zeitersparnis, Effizienz)","Gute Audioqualität, Integration in Kalender- und Kollaborationstools.",
"3","KI-gestützte Generierung und Optimierung von Marketing-Inhalten","Einsatz von KI zur automatisierten Erstellung, Personalisierung und Optimierung von Texten, Bildern und Videos für Marketingzwecke.","Hoher Bedarf an frischem, zielgruppenspezifischem Content, zeitaufwendige manuelle Erstellung, Schwierigkeiten bei der Skalierung.","Generative KI (z.B. GPT-Modelle für Text, DALL-E/Midjourney für Bilder) erstellt Entwürfe für Blogartikel, Social Media Posts, Produktbeschreibungen, E-Mail-Kampagnen. KI analysiert zudem die Performance von Inhalten und schlägt Optimierungen vor.","Beschleunigung der Content-Erstellung um bis zu 70%, Kostenreduktion, verbesserte SEO-Rankings durch optimierte Inhalte, höhere Engagement-Raten durch Personalisierung, Skalierbarkeit der Content-Produktion.","Jasper (Jarvis), Copy.ai, SurferSEO, Marketing-Automatisierungsplattformen (z.B. Hubspot mit KI-Features).","Schnell wachsend, zunehmend in Marketing-Tools integriert.","Marketingabteilung, Content-Teams, Social Media Manager.","Branchenübergreifend (besonders E-Commerce, Medien, Agenturen)","Marketing, Content-Management, SEO, Social Media","Mittel bis Hoch","Hoch (Effizienz, Reichweite, Konversion)","Klare Content-Strategie, menschliche Überprüfung und Verfeinerung (Qualitätssicherung), Zugriff auf relevante Daten.",
"4","KI-gestützte Hyperpersonalisierung von Einkaufserlebnissen im E-Commerce","Individuelle Anpassung von Produktempfehlungen, Angeboten und Webinhalten in Echtzeit basierend auf dem Nutzerverhalten.","Generische Produktpräsentation, geringe Konversionsraten, Kunden erwarten individuelle Ansprache.","Machine Learning Algorithmen analysieren Klickverhalten, Kaufhistorie, Suchanfragen und demografische Daten, um personalisierte Produktempfehlungen, Suchergebnisse und dynamische Inhalte auf der Website und in Marketing-Mails auszuspielen.","Steigerung der Konversionsraten um 10-30%, Erhöhung des durchschnittlichen Bestellwerts (AOV), verbesserte Kundenbindung und -loyalität, relevantere Kundenerfahrung.","Amazon, Netflix (für Medien), Zalando, spezialisierte Personalisierungs-Engines (z.B. Dynamic Yield, Nosto).","Standard in größeren E-Commerce-Unternehmen, zunehmend auch für KMUs verfügbar.","E-Commerce Management, Marketing, Produktmanagement.","E-Commerce, Einzelhandel, Medien, Streaming-Dienste","Vertrieb, Marketing, Customer Experience","Hoch","Sehr hoch (direkter Einfluss auf Umsatz und Kundenbindung)","Umfangreiche Kundendaten (Verhalten, Transaktionen), leistungsfähige Dateninfrastruktur, Integration in Shopsysteme.",
"5","KI-gestützte prädiktive Risikoanalyse und -management im Finanzsektor","Einsatz von KI zur Identifizierung, Bewertung und Vorhersage von finanziellen Risiken (Kredit-, Markt-, operationelle Risiken).","Zunehmende Komplexität von Finanzmärkten, regulatorische Anforderungen, Notwendigkeit schneller und präziser Risikobewertungen.","Machine Learning Modelle analysieren große Mengen an historischen und Echtzeit-Daten (Marktdaten, Transaktionsdaten, Nachrichten, alternative Datenquellen), um Muster zu erkennen, die auf potenzielle Risiken hindeuten und deren Eintrittswahrscheinlichkeit zu prognostizieren.","Verbesserte Genauigkeit und Geschwindigkeit der Risikobewertung, Reduktion von Kreditausfällen um 10-25%, bessere Kapitalallokation, Einhaltung regulatorischer Vorschriften (Compliance), frühzeitige Warnung vor Marktrisiken.","Banken (z.B. JPMorgen Chase, Goldman Sachs), Versicherungen, Ratingagenturen, spezialisierte FinTechs.","Etabliert und in ständiger Weiterentwicklung, insbesondere im Bereich alternativer Daten und komplexer Derivate.","Risikomanagement, Compliance, Finanzanalyse.","Finanzdienstleistungen (Banken, Versicherungen, Investment)","Risikomanagement, Kreditvergabe, Compliance, Portfoliomanagement","Sehr Hoch","Sehr hoch (Vermeidung großer Verluste, regulatorische Konformität)","Hochwertige, umfangreiche Datensätze, Expertise in Finanzmodellierung und KI, robuste IT-Infrastruktur.",
"6","KI-basierte Echtzeit-Betrugsprävention und -erkennung","Automatische Identifizierung und Verhinderung betrügerischer Aktivitäten in Echtzeit durch Analyse von Transaktionsmustern und Verhaltensweisen.","Zunehmende und immer raffiniertere Betrugsversuche (Kreditkartenbetrug, Identitätsdiebstahl, Versicherungsbetrug), hohe finanzielle Schäden und Reputationsverlust.","Machine Learning (insbesondere Anomalieerkennung und überwachtes Lernen) analysiert kontinuierlich Transaktionsdaten, Nutzerverhalten und andere Indikatoren, um verdächtige Muster zu erkennen und Transaktionen ggf. zu blockieren oder zur Überprüfung zu markieren.","Reduktion der Betrugsverluste um bis zu 50%, schnellere Erkennung neuer Betrugsmuster, weniger False Positives, verbesserte Kundensicherheit und -vertrauen.","Banken, Kreditkartenunternehmen (z.B. Visa, Mastercard), E-Commerce Plattformen (z.B. PayPal), Versicherungen.","Weit verbreitet und kritisch für viele Branchen.","Betrugsmanagement, Sicherheitsteam, Risikomanagement, IT.","Finanzdienstleistungen, E-Commerce, Telekommunikation, Versicherungen","Betrugsprävention, Sicherheit, Risikomanagement","Hoch","Sehr hoch (direkte Verlustvermeidung)","Große Mengen an Transaktions- und Verhaltensdaten, schnelle Datenverarbeitung, Integration in Zahlungssysteme.",
"7","KI-gestützte Automatisierung und Analyse in der Finanzberichterstattung","Automatisierung der Erstellung, Konsolidierung und Analyse von Finanzberichten sowie Generierung von Insights.","Zeitaufwendige manuelle Datensammlung und -aufbereitung für Monats-, Quartals- und Jahresabschlüsse, Fehleranfälligkeit, langsame Analyseprozesse.","Robotic Process Automation (RPA) und KI-Tools automatisieren die Datenextraktion aus verschiedenen Systemen, die Konsolidierung und Validierung. Natural Language Generation (NLG) kann erste Entwürfe für Management Summaries oder Berichtsteile erstellen. KI unterstützt bei der Identifikation von Trends und Anomalien in den Finanzdaten.","Bis zu 60% Zeitersparnis bei der Reporterstellung, Reduktion manueller Fehler, schnellere Verfügbarkeit von Berichten, tiefere Einblicke durch automatisierte Analysen, verbesserte Compliance.","Große Konzerne, Wirtschaftsprüfungsgesellschaften, Softwareanbieter wie SAP, Oracle, Workday, BlackLine.","Zunehmend im Einsatz, besonders in Kombination mit RPA.","Finanzabteilung, Controlling, Rechnungswesen.","Branchenübergreifend, besonders relevant für börsennotierte und große Unternehmen.","Finanzen, Controlling, Rechnungswesen, Investor Relations","Mittel bis Hoch","Hoch (Effizienz, Genauigkeit, schnellere Entscheidungsfindung)","Standardisierte Datenformate, Integration mit ERP- und Finanzsystemen, klare Reporting-Strukturen.",
"8","KI-gestütztes intelligentes Energiemanagement und -optimierung","Optimierung des Energieverbrauchs und der Energieerzeugung durch KI-basierte Prognosen und Steuerung in Gebäuden, Industrieanlagen und Stromnetzen.","Hohe Energiekosten, volatile Energiepreise, Notwendigkeit zur Reduktion des CO2-Fußabdrucks, Integration dezentraler Energieerzeuger.","Machine Learning Algorithmen analysieren Verbrauchsdaten, Wetterprognosen, Energiepreise, Belegungsmuster und Produktionspläne. Darauf basierend werden Energieflüsse, Speicher, Heizungs-, Lüftungs-, Klimaanlagen (HLK) und industrielle Prozesse optimal gesteuert (z.B. Lastverschiebung).","Energiekosteneinsparungen von 5-20%, erhöhte Energieeffizienz, bessere Integration erneuerbarer Energien, Netzstabilität, Reduktion von Emissionen.","Smart Grids (z.B. Lösungen von Siemens, Schneider Electric, GE), intelligente Gebäude (z.B. Johnson Controls, Honeywell), Industrieunternehmen mit hohem Energieverbrauch, Energieversorger.","Zunehmend etabliert, stark wachsend, besonders im Kontext von Smart Cities und Industrie 4.0.","Facility Management, Energiemanager, Produktionsleitung, Netzbetreiber.","Energie, Industrie, Immobilienwirtschaft, Logistik (Kühlketten)","Energiemanagement, Produktion, Betrieb, Facility Management","Hoch bis Sehr Hoch","Sehr hoch (Kostensenkung, Nachhaltigkeit)","Umfassende Sensorik (IoT), Steuerungslogik, Integration mit Gebäudeleittechnik/Produktionssystemen, Wetterdaten, Verbrauchsdaten.",
"9","KI-gestützte adaptive Cybersicherheitsabwehr und Bedrohungsanalyse","Einsatz von KI zur proaktiven Erkennung, Analyse und Abwehr von Cyberangriffen durch Verhaltensanalyse und Anomalieerkennung.","Zunehmende Anzahl, Komplexität und Geschwindigkeit von Cyberbedrohungen (Malware, Ransomware, Phishing, APTs), traditionelle signaturbasierte Systeme sind oft überfordert.","Machine Learning und Deep Learning Algorithmen analysieren Netzwerkverkehr, Systemprotokolle und Nutzerverhalten in Echtzeit, um Anomalien und verdächtige Muster zu identifizieren, die auf neue oder unbekannte Angriffe (Zero-Day-Exploits) hindeuten. Automatisierte Reaktionen können initiiert werden.","Schnellere Erkennung und Reaktion auf Angriffe (Reduktion der ""Dwell Time""), Erkennung von zuvor unbekannten Bedrohungen, Reduktion von False Positives, Automatisierung von Security Operations Center (SOC) Aufgaben.","Cybersicherheitsunternehmen (z.B. CrowdStrike, Darktrace, Palo Alto Networks), große Unternehmen mit eigenen SOCs.","Standard in modernen Cybersicherheitslösungen, kontinuierliche Weiterentwicklung im Wettrüsten mit Angreifern.","Chief Information Security Officer (CISO), IT-Sicherheitsteam, SOC-Analysten.","Branchenübergreifend (besonders kritische Infrastrukturen, Finanzwesen, Technologie)","IT-Sicherheit, Risikomanagement, Compliance","Sehr Hoch","Sehr hoch (Vermeidung von finanziellen Schäden, Reputationsverlust, Betriebsunterbrechungen)","Umfassende Datenlogging-Kapazitäten, leistungsfähige Analyseplattformen, qualifizierte Sicherheitsexperten.",
"10","KI-unterstützte Datenanalyse und Wissensmanagement in der Unternehmensberatung","Einsatz von KI zur Beschleunigung von Datenanalysen, Recherchen, Erstellung von Präsentationen und Generierung von ersten Handlungsempfehlungen in Beratungsprojekten.","Zeitaufwendige manuelle Datenanalyse und Recherche, Standardisierung von wiederkehrenden Analyseaufgaben, Wissensmanagement über Projekte hinweg.","KI-Tools helfen bei der Verarbeitung und Analyse großer strukturierter und unstrukturierter Datenmengen (z.B. Marktstudien, Unternehmensdaten, Interviews). NLP kann Dokumente zusammenfassen und relevante Informationen extrahieren. Generative KI kann bei der Erstellung von Präsentationsentwürfen oder ersten Lösungsansätzen unterstützen.","Beschleunigung von Projekten, tiefere und schnellere Einblicke aus Daten, Freisetzung von Beraterkapazitäten für strategische Aufgaben und Kundeninteraktion, verbesserte Qualität der Ergebnisse.","Große Beratungsunternehmen (z.B. McKinsey, BCG, Accenture) entwickeln eigene Tools oder nutzen spezialisierte Software, aufstrebende ""ConsultingTech""-Startups.","In Entwicklung und zunehmender Erprobung, großes Potenzial.","Beratungs-Projektleiter, Analystenteams, Wissensmanagement.","Unternehmensberatung, Wirtschaftsprüfung, Marktforschung","Analyse, Strategieentwicklung, Research, Wissensmanagement","Mittel bis Hoch","Hoch (Effizienzsteigerung, Qualitätsverbesserung)","Zugriff auf relevante (Kunden-)Daten, leistungsfähige Analysewerkzeuge, Expertise in der Interpretation von KI-Ergebnissen.",
"11","KI-generierte und -gestützte Kunden- und Nutzerpersonas","Erstellung und dynamische Anpassung detaillierter Zielgruppen-Personas mithilfe von KI-Analysen von Kundendaten zur Verbesserung von Produktentwicklung und Marketing.","Traditionelle Personas sind oft statisch, basieren auf begrenzten Daten und sind schwer aktuell zu halten.","Machine Learning Algorithmen analysieren große Mengen an Kundendaten (Demografie, Verhalten, Präferenzen, Social Media) um datengestützte, dynamische Personas zu erstellen. Diese können auch genutzt werden, um spezifische KI-Interaktionspartner (z.B. für Produkttests oder spezialisierte Chatbots) zu simulieren.","Genauere und tiefere Einsicht in Zielgruppen, verbesserte Produkt-Markt-Passung, effektivere Marketingkampagnen, bessere Nutzererfahrung durch maßgeschneiderte Ansprache.","Marketing-Automatisierungsplattformen, UX-Research-Tools, Unternehmen mit starkem Fokus auf Customer Centricity.","Aufkommend, hohes Potenzial zur Verfeinerung von Marketing- und Produktstrategien.","Marketing, Produktmanagement, UX-Design, Marktforschung.","Branchenübergreifend (besonders B2C, E-Commerce, Softwareentwicklung)","Marketing, Produktentwicklung, User Experience (UX), Vertrieb","Mittel bis Hoch","Hoch (bessere Produktentscheidungen, effektiveres Marketing)","Zugriff auf umfassende und diverse Kundendaten, Datenschutzkonformität (DSGVO).",
"12","KI-gestützte dynamische Hyperpersonalisierung über alle Kundenkontaktpunkte","Weit über Standard-Personalisierung hinausgehende, echtzeitbasierte und kontextsensitive Anpassung von Inhalten, Angeboten und Interaktionen an den einzelnen Nutzer über verschiedene Kanäle hinweg.","Kunden erwarten eine nahtlose, individuell zugeschnittene Erfahrung über alle Kanäle (Website, App, E-Mail, Social Media, In-Store). Standard-Segmentierung reicht nicht aus.","KI-Systeme (oft mit Reinforcement Learning) analysieren kontinuierlich das Nutzerverhalten, den Kontext (z.B. Standort, Tageszeit, Endgerät) und historische Daten, um Vorhersagen über die nächsten wahrscheinlichen Aktionen oder Bedürfnisse zu treffen und Inhalte oder Angebote dynamisch und individuell in Echtzeit anzupassen.","Signifikante Steigerung von Engagement, Konversion und Kundenbindung, Schaffung einzigartiger Kundenerlebnisse, Maximierung des Customer Lifetime Value.","Technologieführer im E-Commerce und Streaming (z.B. Amazon, Netflix, Spotify), fortschrittliche CRM- und Marketing-Cloud-Lösungen.","Technologisch anspruchsvoll, aber zunehmend als Wettbewerbsvorteil gesehen und implementiert.","Marketing, Customer Experience (CX) Management, Datenwissenschaftler, IT.","E-Commerce, Medien, Finanzdienstleistungen, Reisen, Telekommunikation","Marketing, Vertrieb, Customer Experience, Produktmanagement","Sehr Hoch","Sehr hoch (starke Hebelwirkung auf Kundenverhalten und -wert)","Integrierte Datenplattform (Customer Data Platform - CDP), Echtzeit-Analysefähigkeiten, kanalübergreifende Orchestrierung, fortschrittliche KI-Modelle.",
"13","KI-Systeme für autonomes Fahren und fortgeschrittene Robotik-Anwendungen","Entwicklung und Einsatz von KI zur Steuerung von Fahrzeugen und Robotern, die komplexe Aufgaben in dynamischen Umgebungen ohne menschliches Eingreifen ausführen können.","Autonomes Fahren: Wunsch nach erhöhter Verkehrssicherheit, Effizienzsteigerung im Transportwesen, neue Mobilitätskonzepte. Robotik: Automatisierung komplexer manueller Tätigkeiten in Industrie, Logistik, Medizin, Haushalt.","Autonomes Fahren: Computer Vision, Sensorfusion (Lidar, Radar, Kameras), Deep Learning und Reinforcement Learning ermöglichen Fahrzeugen die Wahrnehmung ihrer Umgebung, Entscheidungsfindung und Steuerung. Robotik: KI ermöglicht Robotern Objekterkennung, Navigation in unstrukturierten Umgebungen, Greifplanung, Mensch-Roboter-Kollaboration und Lernfähigkeit.","Autonomes Fahren: Potenzial zur Reduktion von Unfällen, verbesserter Verkehrsfluss, neue Transportdienstleistungen (Robotaxis), Entlastung von Fahrern. Robotik: Produktivitätssteigerung, Entlastung von Menschen bei gefährlichen oder monotonen Arbeiten, neue Anwendungsmöglichkeiten für Roboter.","Autonomes Fahren: Waymo (Google), Tesla, Cruise, Automobilhersteller und Zulieferer. Robotik: Boston Dynamics, KUKA, FANUC, diverse Forschungs- und Industrieunternehmen.","Autonomes Fahren: In intensiver Entwicklung und Erprobung, teilautonome Systeme (Level 2-3) verbreitet, vollautonome Systeme (Level 4-5) in Pilotprojekten. Robotik: Fortgeschrittene Industrieroboter etabliert, Servicerobotik und kollaborative Robotik stark wachsend.","F&E Abteilungen, spezialisierte Ingenieurteams, Produktentwicklung.","Automobil, Transport & Logistik, Fertigung, Gesundheitswesen, Landwirtschaft, Verteidigung","Transport, Produktion, Logistik, Service, Assistenzsysteme","Extrem Hoch","Enorm (transformatives Potenzial für ganze Industrien)","Hochentwickelte Sensorik, massive Rechenleistung (Edge und Cloud), extrem große und diverse Trainingsdatensätze, klare regulatorische Rahmenbedingungen, ethische Überlegungen.",
"14","KI-gestützte medizinische Diagnostik und präventive Gesundheitsanalyse","Einsatz von KI zur Analyse medizinischer Bilder, Patientendaten und genetischer Informationen zur Früherkennung von Krankheiten und zur Risikoprognose.","Hohe Arbeitslast für medizinisches Personal, Notwendigkeit präziser und schneller Diagnosen, Wunsch nach proaktiver Krankheitsvermeidung.","Deep Learning (insbesondere Convolutional Neural Networks - CNNs) analysiert medizinische Bilder (Röntgen, CT, MRT, Pathologie) zur Erkennung von Anomalien (z.B. Tumore, Frakturen). Machine Learning Modelle analysieren Patientendaten (EHRs, Laborwerte, Lifestyle-Daten) zur Vorhersage von Krankheitsrisiken (z.B. Herzinfarkt, Diabetes).","Frühere und genauere Diagnosen (oft als ""zweite Meinung""), Entlastung von Ärzten, personalisierte Präventionsempfehlungen, verbesserte Patientenergebnisse, Reduktion der Gesundheitskosten durch frühe Intervention.","Google Health/DeepMind, IBM Watson Health (historisch), Siemens Healthineers, Philips, zahlreiche MedTech-Startups.","In vielen Bereichen bereits im klinischen Einsatz (z.B. Radiologie, Pathologie), intensive Forschung und Entwicklung.","Ärzte (Radiologen, Pathologen, etc.), medizinische Forscher, MedTech-Unternehmen.","Gesundheitswesen, Medizintechnik, Pharmaforschung","Medizinische Diagnostik, Präventivmedizin, Forschung","Sehr Hoch","Sehr hoch (Verbesserung der Gesundheitsversorgung, Lebensrettung)","Große, qualitativ hochwertige und annotierte medizinische Datensätze, Einhaltung strenger Datenschutz- und Zulassungsvorschriften (z.B. MDR, FDA), Integration in klinische Workflows.",
"15","KI-gestützte personalisierte Medizin und Therapieoptimierung","Nutzung von KI zur Analyse individueller Patientendaten (Genomik, Proteomik, Krankheitsgeschichte) zur Auswahl der wirksamsten und verträglichsten Therapie.","Individuelle Unterschiede im Ansprechen auf Medikamente und Therapien, ""One-size-fits-all""-Ansätze oft ineffektiv oder mit Nebenwirkungen verbunden.","Machine Learning Modelle analysieren komplexe biologische Daten, klinische Studienergebnisse und Patientenhistorien, um vorherzusagen, welche Therapie für einen spezifischen Patienten am wahrscheinlichsten erfolgreich sein wird und die geringsten Nebenwirkungen hat (Precision Medicine).","Höhere Therapieerfolgsraten, Reduktion von Nebenwirkungen, Vermeidung unnötiger Behandlungen, optimierte Medikamentenentwicklung, verbesserte Lebensqualität für Patienten.","Onkologie (z.B. Foundation Medicine), Pharmaunternehmen in der Medikamentenentwicklung, spezialisierte Bioinformatik-Unternehmen.","Stark wachsendes Feld, besonders in der Krebsbehandlung und bei seltenen Krankheiten.","Ärzte (Onkologen, Spezialisten), Pharmaforscher, Bioinformatiker.","Gesundheitswesen, Pharma, Biotechnologie","Therapieplanung, Medikamentenentwicklung, Klinische Studien","Sehr Hoch","Sehr hoch (Effektivitätssteigerung der Behandlung, Kosteneinsparung durch Vermeidung ineffektiver Therapien)","Umfangreiche 'Omics'-Daten, Integration klinischer Daten, validierte prädiktive Modelle, ethische Rahmenbedingungen.",
"16","KI-gestützte automatisierte Schadenbewertung und -regulierung","Einsatz von KI (insbesondere Computer Vision und NLP) zur Beschleunigung und Objektivierung der Bewertung von Schäden (z.B. Kfz, Gebäude) und der Schadenregulierung.","Manuelle Schadenaufnahme und -bewertung ist zeitaufwendig, kostenintensiv und subjektiv. Langwierige Regulierungsprozesse führen zu Unzufriedenheit bei Kunden.","Kunden laden Fotos oder Videos des Schadens hoch; Computer Vision analysiert die Bilder, identifiziert und quantifiziert den Schaden. NLP kann Schadensmeldungen und Gutachten analysieren. KI-Systeme können Kostenvoranschläge erstellen oder validieren und einfache Fälle vollautomatisch regulieren.","Schnellere Schadenabwicklung (von Tagen auf Minuten), Reduktion der Bearbeitungskosten um bis zu 30%, objektivere Bewertung, verbesserte Kundenerfahrung, Betrugserkennung.","Versicherungsunternehmen (z.B. Allianz, AXA), InsurTech-Unternehmen (z.B. Tractable, ControlExpert, Solera).","Zunehmend im Einsatz, besonders im Bereich Kfz-Schäden.","Schadenabteilung, Aktuare, Kundenservice.","Versicherungswesen (Sach- und Unfallversicherungen)","Schadenmanagement, Kundenservice, Risikomanagement","Mittel bis Hoch","Hoch (Kostensenkung, Effizienz, Kundenzufriedenheit)","Große Bilddatenbanken mit annotierten Schäden, Integration in bestehende Schadensysteme, mobile Apps für Kunden.",
"17","KI-gestützte dynamische und personalisierte Risikobewertung und Preisgestaltung in der Versicherung","Nutzung von KI zur genaueren und individuelleren Bewertung von Versicherungsrisiken basierend auf einer breiteren Datenbasis (z.B. Telematik, IoT-Daten, Verhaltensdaten).","Traditionelle Risikobewertung basiert auf statischen, aggregierten Daten, was zu ungenauen Prämien und Quersubventionierung führt.","Machine Learning Modelle analysieren eine Vielzahl von Datenquellen, darunter Telematikdaten (Fahrverhalten), Smart-Home-Sensordaten (Einbruch-, Wasserschadenrisiko), Gesundheitsdaten (Lebensversicherungen) und öffentlich verfügbare Informationen, um individuelle Risikoprofile zu erstellen und dynamisch anzupassen. Dies ermöglicht eine präzisere Prämienkalkulation (""Pay-as-you-live/drive"").","Fairere und individuellere Prämien, Anreize für risikoarmes Verhalten, schnellere und genauere Policierung, Entwicklung neuer Versicherungsprodukte.","InsurTechs (z.B. Lemonade, Metromile), etablierte Versicherer mit Innovationsabteilungen.","Zunehmend im Einsatz, besonders in Kfz- (""Telematik-Tarife"") und Hausratversicherungen.","Aktuariat, Produktentwicklung, Risikomanagement, Marketing.","Versicherungswesen","Underwriting, Produktentwicklung, Preisgestaltung, Risikomanagement","Hoch","Sehr hoch (genauere Preisgestaltung, Risikoselektion, Kundenbindung)","Zugriff auf diverse (Echtzeit-)Datenquellen, Datenschutzkonformität, Akzeptanz der Kunden für Datennutzung.",
"18","KI-gestützte vorausschauende Wartung (Predictive Maintenance) von Maschinen und Anlagen","Vorhersage von Maschinenausfällen und optimalen Wartungszeitpunkten durch KI-Analyse von Sensordaten zur Minimierung von Stillstandzeiten und Wartungskosten.","Reaktive Wartung (nach Ausfall) oder präventive Wartung (feste Intervalle) führen zu ungeplanten Stillständen, hohen Reparaturkosten oder unnötigen Wartungsarbeiten.","Machine Learning Modelle (oft Anomalieerkennung, Zeitreihenanalyse, Klassifikation) analysieren kontinuierlich Daten von Sensoren (Vibration, Temperatur, Druck, Ölqualität etc.) an Maschinen und Anlagen, um Muster zu erkennen, die auf einen bevorstehenden Ausfall hindeuten.","Reduktion ungeplanter Stillstände um bis zu 50%, Senkung der Wartungskosten um 10-40%, Verlängerung der Maschinenlebensdauer, optimierte Ersatzteilplanung, erhöhte Produktionssicherheit und -effizienz.","Industrieunternehmen (z.B. Siemens, GE, Bosch Rexroth), spezialisierte IIoT-Plattformen und Softwareanbieter.","Etabliert und zunehmend Standard in der modernen Fertigung (Industrie 4.0).","Instandhaltungsleitung, Produktionsleitung, Werksmanagement.","Fertigungsindustrie, Energieerzeugung, Transportwesen (Züge, Flugzeuge), Logistik","Instandhaltung, Produktion, Asset Management","Hoch","Sehr hoch (Vermeidung von Produktionsausfällen, Kostensenkung)","Umfassende Sensorik (Industrial IoT - IIoT), Dateninfrastruktur, historische Ausfalldaten, Expertise in Maschinenbau und Datenanalyse.",
"19","KI-basierte visuelle Qualitätskontrolle und Fehlererkennung in der Produktion","Automatisierte Inspektion von Produkten und Bauteilen auf Defekte und Qualitätsmängel mittels KI-gestützter Bilderkennung.","Manuelle Sichtprüfung ist langsam, ermüdend, subjektiv und fehleranfällig, besonders bei hohen Stückzahlen und komplexen Produkten.","Kamerasysteme erfassen Bilder der Produkte. Deep Learning Algorithmen (insbesondere CNNs) werden trainiert, um Defekte wie Kratzer, Risse, Montagefehler, Farbabweichungen oder Verunreinigungen präzise und in Echtzeit zu erkennen – oft genauer und schneller als das menschliche Auge.","Erhöhung der Fehlererkennungsrate auf über 99%, Reduktion von Ausschuss und Nacharbeit, Beschleunigung der Produktionsprozesse, konsistente Qualität, Kostensenkung, Sammlung von Qualitätsdaten zur Prozessoptimierung.","Automobilindustrie, Elektronikfertigung, Lebensmittelindustrie, Pharmaindustrie, Anbieter von Bildverarbeitungssystemen (z.B. Cognex, Keyence, Isra Vision).","Weit verbreitet und technologisch sehr ausgereift.","Qualitätsmanagement, Produktionsleitung.","Fertigungsindustrie (alle Bereiche), Verpackungsindustrie, Agrarwirtschaft (Sortierung)","Qualitätskontrolle, Produktion, Prozessoptimierung","Mittel bis Hoch (abhängig von der Komplexität der Fehlerbilder)","Hoch (Qualitätsverbesserung, Kostensenkung)","Geeignete Kamerasysteme und Beleuchtung, große Mengen an Trainingsbildern (Gut- und Schlechtteile), Integration in die Produktionslinie.",
"20","KI-gestützte intelligente E-Mail-Klassifizierung, Priorisierung und teilautomatisierte Beantwortung","Automatische Sortierung, Priorisierung und Weiterleitung eingehender E-Mails sowie Vorschläge für oder automatisierte Erstellung von Antworten.","Hohes E-Mail-Volumen in Kundenservice, Vertrieb und internen Abteilungen führt zu langen Antwortzeiten, Überlastung der Mitarbeiter und inkonsistenter Bearbeitung.","NLP-Modelle analysieren den Inhalt und Kontext von E-Mails, klassifizieren sie nach Thema (z.B. Anfrage, Beschwerde, Bestellung), Dringlichkeit und leiten sie an die zuständige Abteilung oder Person weiter. KI kann auch relevante Informationen extrahieren und Antwortbausteine oder vollständige Antwortentwürfe vorschlagen.","Reduktion der manuellen Bearbeitungszeit für E-Mails um bis zu 80%, schnellere Reaktionszeiten, verbesserte Kundenzufriedenheit, konsistente Kommunikation, Entlastung der Mitarbeiter.","CRM-Systeme (z.B. Salesforce Einstein, Zendesk), spezialisierte E-Mail-Management-Tools, große Kundenservice-Center.","Zunehmend in CRM- und Helpdesk-Software integriert.","Kundenservice, Vertriebsinnendienst, IT-Support, Abteilungssekretariate.","Branchenübergreifend","Kundenservice, Vertrieb, Administration, IT-Support","Mittel","Mittel bis Hoch (Effizienzsteigerung, verbesserte Servicequalität)","Ausreichend Trainingsdaten (historische E-Mails und deren Bearbeitung), Integration in E-Mail-Systeme und CRM.",
"21","KI-gestützte Sentiment-Analyse zur Überwachung von Markenwahrnehmung und Kundenfeedback","Automatische Analyse von Texten aus sozialen Medien, Nachrichten, Kundenbewertungen etc. zur Erfassung der öffentlichen Meinung und Stimmung gegenüber einer Marke, Produkten oder Dienstleistungen.","Manuelle Auswertung der riesigen Mengen an Online-Feedback ist unmöglich; Unternehmen benötigen zeitnahe Einblicke in die Kundenstimmung, um schnell auf Krisen oder Chancen reagieren zu können.","NLP-Algorithmen (Sentiment-Klassifikation) analysieren Texte und identifizieren die darin ausgedrückte Polarität (positiv, negativ, neutral) sowie oft auch spezifische Emotionen (Freude, Ärger, Enttäuschung) und Themen.","Frühzeitige Erkennung von Reputationsrisiken und aufkommenden Trends, besseres Verständnis der Kundenbedürfnisse und -meinungen, Messung der Auswirkungen von Marketingkampagnen, Identifikation von Verbesserungspotenzialen für Produkte und Services.","Social Listening Tools (z.B. Brandwatch, Talkwalker, Sprout Social), Marketing- und PR-Agenturen.","Weit verbreitet in Marketing- und Kommunikationsabteilungen.","Marketing, PR/Kommunikation, Social Media Management, Produktmanagement.","Branchenübergreifend (besonders B2C, Konsumgüter, Dienstleistungen)","Marketing, Marktforschung, Public Relations, Krisenmanagement, Customer Experience","Mittel","Hoch (Markenimage, Krisenprävention, Produktoptimierung)","Zugang zu Datenquellen (Social Media APIs, Bewertungsplattformen), qualitativ hochwertige Sentiment-Modelle (besonders für Sarkasmus, Ironie und branchenspezifische Sprache).",
"22","KI-gestütztes Process Mining zur Analyse, Überwachung und Optimierung von Geschäftsprozessen","Automatische Rekonstruktion und Analyse von tatsächlichen Prozessabläufen basierend auf digitalen Spuren in IT-Systemen zur Identifizierung von Engpässen, Abweichungen und Optimierungspotenzialen.","Geschäftsprozesse sind oft komplex und intransparent; Soll-Prozesse weichen häufig von den Ist-Prozessen ab; manuelle Prozessanalyse ist zeitaufwendig und lückenhaft.","Process Mining Algorithmen nutzen Event-Logs aus IT-Systemen (ERP, CRM, SCM etc.), um die tatsächlichen Prozessflüsse zu visualisieren und zu analysieren. KI hilft, Ineffizienzen, Bottlenecks, Compliance-Verstöße und Root Causes für Probleme zu identifizieren und Optimierungsszenarien zu simulieren.","Transparenz über tatsächliche Prozessabläufe, Reduktion von Durchlaufzeiten um 15-30%, Kostensenkung, verbesserte Compliance, Identifizierung von Automatisierungspotenzialen (z.B. für RPA), datengestützte Entscheidungsfindung für Prozessverbesserungen.","Celonis, Software AG, UiPath Process Mining, SAP Signavio.","Stark wachsender Markt, zunehmend als Schlüsseltechnologie für digitale Transformation und operative Exzellenz anerkannt.","Prozessmanagement, IT, Controlling, interne Revision, operative Abteilungen.","Branchenübergreifend (besonders Finanzdienstleistungen, Telekommunikation, Fertigung, Logistik)","Prozessmanagement, Operations, IT, Audit, Qualitätsmanagement","Hoch","Sehr hoch (Effizienzsteigerung, Kostensenkung, Compliance)","Verfügbarkeit und Qualität von Event-Logs aus IT-Systemen, Prozessverständnis, Change Management für die Umsetzung von Optimierungen.",
"23","KI-gestützte prädiktive Analyse und Optimierung von Lieferketten","Einsatz von KI zur Verbesserung von Nachfrageprognosen, Lagerbestandsmanagement, Routenplanung und Risikomanagement in der Lieferkette.","Komplexe, globale Lieferketten sind anfällig für Störungen (Nachfrageschwankungen, Lieferengpässe, geopolitische Risiken). Ungenaue Prognosen führen zu Überbeständen oder Fehlmengen.","Machine Learning Modelle analysieren historische Verkaufsdaten, Markttrends, Wetterdaten, Nachrichten und andere externe Faktoren, um genauere Nachfrageprognosen zu erstellen. KI optimiert Lagerbestände (z.B. durch Festlegung optimaler Bestellpunkte und -mengen), Routen für Transport und Logistik (z.B. Traveling Salesperson Problem Lösungen) und identifiziert proaktiv potenzielle Risiken und Engpässe in der Lieferkette.","Reduktion der Prognosefehler um 20-50%, Senkung der Lagerhaltungskosten um 10-25%, Verbesserung der Liefertreue, Reduktion der Transportkosten, erhöhte Resilienz der Lieferkette.","Große Handels- und Produktionsunternehmen (z.B. Amazon, Walmart, P&G), Logistikdienstleister (z.B. DHL, Kühne+Nagel), Anbieter von SCM-Software (z.B. SAP IBP, Blue Yonder, o9 Solutions).","Zunehmend etabliert, besonders in Unternehmen mit komplexen Lieferketten.","Supply Chain Management, Logistik, Einkauf, Produktionsplanung.","Einzelhandel, Fertigung, Konsumgüter, Logistik, Pharma","Supply Chain Management, Logistik, Einkauf, Bestandsmanagement, Nachfrageplanung","Hoch bis Sehr Hoch","Sehr hoch (Kostensenkung, Effizienz, Kundenzufriedenheit, Risikominimierung)","Datenintegration über die gesamte Lieferkette, Zugriff auf externe Daten, leistungsfähige Analyseplattformen.",
"24","KI-gestützte Optimierung von Recruiting-Prozessen und Talent Management","Einsatz von KI zur Automatisierung von Aufgaben im Recruiting (z.B. Sourcing, Screening von Lebensläufen) und zur Unterstützung im Talent Management (z.B. Kompetenzanalyse, Karrierepfadempfehlungen).","Zeitaufwendige manuelle Suche nach Kandidaten, Sichtung großer Mengen an Bewerbungen, Schwierigkeiten bei der objektiven Bewertung von Kompetenzen, Bindung und Entwicklung von Mitarbeitern.","Recruiting: KI-Tools durchsuchen Jobportale und soziale Netzwerke nach passenden Kandidaten (Active Sourcing). NLP analysiert Lebensläufe und Anschreiben, um die am besten geeigneten Bewerber zu identifizieren (CV-Screening). Chatbots können erste Bewerberfragen beantworten und Interviews terminieren. Talent Management: KI analysiert Mitarbeiterdaten (Performance, Skills, Weiterbildungen), um Kompetenzlücken zu identifizieren, personalisierte Lernpfade vorzuschlagen und passende interne Karrieremöglichkeiten aufzuzeigen. Sie kann auch helfen, Kündigungsrisiken frühzeitig zu erkennen (siehe Churn Prediction).","Beschleunigung des Recruiting-Prozesses um 30-50%, Reduktion der Cost-per-Hire, verbesserte Candidate Experience, objektivere Vorauswahl, bessere Mitarbeiterbindung und -entwicklung, Identifizierung von High Potentials.","HR-Tech-Unternehmen (z.B. Eightfold.ai, Paradox, Beamery), große Unternehmen mit eigenen HR-Analytics-Teams, Recruiting-Plattformen (z.B. LinkedIn mit KI-Features).","Stark wachsend, viele spezialisierte Tools verfügbar. Ethische Aspekte (Bias-Vermeidung) sind sehr wichtig.","Personalabteilung (HR), Recruiting-Teams, Talent Management Spezialisten.","Branchenübergreifend","Human Resources (Personalwesen), Recruiting, Talent Management, Personalentwicklung","Mittel bis Hoch","Hoch (Effizienz, Qualität der Einstellungen, Mitarbeiterbindung)","Qualitativ hochwertige Bewerber- und Mitarbeiterdaten, Datenschutzkonformität, klare Anforderungsprofile, Fokus auf Fairness und Vermeidung von Bias in Algorithmen.",
"25","KI-gestützte intelligente Verkehrssteuerung und Optimierung urbaner Mobilität in Smart Cities","Einsatz von KI zur Analyse von Verkehrsdaten in Echtzeit, Optimierung von Ampelschaltungen, Parkleitsystemen und öffentlichem Nahverkehr zur Reduktion von Staus und Emissionen.","Zunehmendes Verkehrsaufkommen in Städten führt zu Staus, Umweltbelastung und Zeitverlust. Traditionelle Verkehrsleitsysteme sind oft nicht flexibel genug.","KI-Systeme analysieren Daten von Verkehrssensoren, Kameras, GPS-Daten von Fahrzeugen und Smartphones sowie Informationen aus dem öffentlichen Nahverkehr. Basierend darauf werden Ampelschaltungen dynamisch angepasst, um den Verkehrsfluss zu optimieren. KI unterstützt bei der intelligenten Parkraumverwaltung, optimiert Routen für den öffentlichen Nahverkehr und kann Vorhersagen über die Verkehrslage treffen.","Reduktion von Reisezeiten und Staus um bis zu 25%, Senkung des Kraftstoffverbrauchs und der Emissionen, verbesserte Zuverlässigkeit des öffentlichen Nahverkehrs, erhöhte Lebensqualität in Städten.","Städte mit Smart City Initiativen (z.B. Singapur, Barcelona, Hamburg), Technologieanbieter für Verkehrsleittechnik (z.B. Siemens Mobility, Yunex Traffic, Kapsch TrafficCom), Navigationsdienste (z.B. Google Maps, Waze).","In vielen Städten in Pilotprojekten oder bereits teilweise implementiert; stark wachsendes Feld.","Stadtverwaltungen (Verkehrsplanung, Umweltamt), Verkehrsbetriebe, Technologiepartner.","Öffentlicher Sektor, Transport & Logistik, Automobil","Verkehrsmanagement, Stadtplanung, Umweltmanagement, Öffentlicher Nahverkehr","Sehr Hoch","Sehr hoch (Effizienz, Umwelt, Lebensqualität) – oft schwer direkt monetär zu quantifizieren für einzelne Akteure, aber hoher gesellschaftlicher Nutzen.","Umfassende Sensorinfrastruktur (IoT), Datenplattformen, Interoperabilität verschiedener Systeme, Datenschutz.",
"26","KI-gestützte proaktive Cyber Threat Intelligence und Bedrohungsjagd","Sammlung, Analyse und Interpretation von Informationen über aktuelle und potenzielle Cyberbedrohungen und Angreifer mithilfe von KI, um präventive Abwehrmaßnahmen zu ermöglichen.","Sicherheits-Teams müssen riesige Mengen an Informationen über Bedrohungen (Malware-Samples, Angriffsindikatoren, Taktiken von Hackergruppen) aus verschiedensten Quellen (Darknet, Foren, Sicherheitsblogs, Feeds) verarbeiten, um proaktiv handeln zu können.","KI (insbesondere NLP und Machine Learning) automatisiert das Sammeln und Analysieren von Bedrohungsinformationen. Sie kann Muster in Angriffsvektoren erkennen, die Relevanz von Bedrohungen für das eigene Unternehmen bewerten, neue Malware-Varianten klassifizieren und sogar das Verhalten von Angreifergruppen vorhersagen. Dies unterstützt das ""Threat Hunting"", die proaktive Suche nach unentdeckten Kompromittierungen im eigenen Netzwerk.","Besseres Verständnis der Bedrohungslandschaft, schnellere Identifikation relevanter Bedrohungen, proaktive Anpassung von Sicherheitsmaßnahmen, Reduktion der Angriffsfläche, effizientere Nutzung von Sicherheitsressourcen.","Spezialisierte Cyber Threat Intelligence Anbieter (z.B. Mandiant, Recorded Future, CrowdStrike Falcon Intelligence), große Unternehmen mit fortgeschrittenen Security Operations Centers (SOCs).","Wichtiges Werkzeug für reife Sicherheitsorganisationen.","CISO, SOC-Leitung, Threat Intelligence Analysten, Incident Response Teams.","Branchenübergreifend, besonders kritische Infrastrukturen, Finanzwesen, Technologie, Regierungen.","IT-Sicherheit, Risikomanagement, Incident Response","Sehr Hoch","Hoch (Prävention von schwerwiegenden Sicherheitsvorfällen)","Zugang zu vielfältigen Threat Intelligence Quellen, leistungsfähige Analyseplattformen, hochqualifizierte Analysten, Integration mit anderen Sicherheitstools (SIEM, SOAR).",
"27","KI-gestützte Automatisierung und Verbesserung der Stammdatenqualität","Einsatz von KI zur automatischen Erkennung, Bereinigung und Anreicherung von Stammdaten (Kunden-, Produkt-, Lieferantendaten) zur Sicherstellung einer hohen Datenqualität.","Schlechte Stammdatenqualität (Dubletten, Fehler, Inkonsistenzen, veraltete Informationen) führt zu ineffizienten Prozessen, falschen Entscheidungen, Compliance-Problemen und schlechter Kundenerfahrung. Manuelle Datenpflege ist aufwendig und fehleranfällig.","Machine Learning Algorithmen (z.B. Clustering, Klassifikation, Anomalieerkennung) identifizieren Dubletten, erkennen fehlerhafte oder inkonsistente Einträge und schlagen Korrekturen vor oder führen diese automatisiert durch. KI kann auch Daten aus externen Quellen validieren und anreichern sowie Regeln zur Datenpflege lernen und anwenden.","Verbesserung der Datenqualität um bis zu 90% in bestimmten Bereichen, Reduktion des manuellen Aufwands für Datenpflege, verbesserte Effizienz von Geschäftsprozessen (z.B. Marketing, Vertrieb, SCM), zuverlässigere Analysen und Berichte, bessere Compliance.","Anbieter von MDM-Lösungen (z.B. Informatica, SAP MDG, Talend, TIBCO), spezialisierte Datenqualitäts-Tools, große Unternehmen mit Data Governance Initiativen.","Zunehmend wichtiger, da Daten als strategisches Asset erkannt werden.","Data Governance Office, Stammdatenmanagement-Teams, IT, Fachabteilungen (als Dateneigner).","Branchenübergreifend","Datenmanagement, IT, Data Governance, Fachabteilungen (Marketing, Vertrieb, Einkauf etc.)","Mittel bis Hoch","Sehr hoch (Basis für viele andere digitale Initiativen und effiziente Prozesse)","Klare Data Governance Regeln und Verantwortlichkeiten, Integration mit Quellsystemen, Bereitschaft zur Prozessanpassung.",
"28","KI-gestützte dynamische Preisoptimierung","Automatische Anpassung von Produktpreisen basierend auf Marktdaten, Nachfrage und Konkurrenzanalyse zur Gewinnmaximierung.","Statische Preisgestaltung führt zu verpassten Gewinnmöglichkeiten bei hoher Nachfrage oder zu geringem Absatz bei zu hohen Preisen im Wettbewerbsumfeld.","Machine Learning Algorithmen (oft Reinforcement Learning oder prädiktive Modelle) analysieren kontinuierlich interne Daten (Verkaufszahlen, Lagerbestände, Kundenverhalten) und externe Daten (Konkurrenzpreise, Nachfragesignale, Wetter, Events), um optimale Preise in Echtzeit oder in kurzen Intervallen festzulegen.","Gewinnsteigerung um 5-25% (je nach Quelle und Branche), optimale Preisfindung, schnelle Reaktion auf Marktveränderungen, verbesserte Wettbewerbsfähigkeit, Abverkaufssteuerung.","Amazon, Uber, Airbnb Preisalgorithmen, Fluggesellschaften, Hotels, spezialisierte Pricing-Software-Anbieter (z.B. Pricefx, PROS).","In E-Commerce, Sharing Economy, Reisebranche und Teilen des Einzelhandels etabliert und Standard.","Pricing Team, Revenue Management, Vertrieb, E-Commerce Management.","E-Commerce, Einzelhandel, Reisen & Gastgewerbe, Sharing Economy, Energie","Pricing, Revenue Management, Vertrieb, Marketing","Hoch","Sehr hoch (direkte Gewinnsteigerung)","Zugriff auf relevante Echtzeit-Marktdaten, Konkurrenzdaten, interne Verkaufs- und Bestandsdaten, flexible Preisgestaltungssysteme.",
"29","KI-gestützte Vorhersage von Kundenkündigungen (Churn Prediction) und proaktive Kundenbindung","Frühzeitige Identifikation kündigungsgefährdeter Kunden durch Verhaltensanalyse zur Einleitung proaktiver Bindungsmaßnahmen.","Hohe Kundenabwanderungsraten (Churn) verursachen erhebliche Kosten, da Neukundenakquise teurer ist als Bestandskundenpflege. Reaktive Maßnahmen sind oft zu spät.","Predictive Analytics und Machine Learning Modelle (z.B. Logistische Regression, Random Forests, Gradient Boosting) analysieren historische Kundendaten (Kaufhistorie, Nutzungsverhalten, Supportanfragen, Demografie, Vertragsdaten), um Muster zu erkennen, die auf eine erhöhte Kündigungswahrscheinlichkeit hindeuten. Identifizierte Risikokunden können dann gezielt mit Bindungsmaßnahmen angesprochen werden.","Reduzierung der Churn-Rate um 15-30%, Steigerung des Customer Lifetime Value, effizienterer Einsatz von Kundenbindungsbudgets, verbesserte Kundenzufriedenheit durch proaktiven Service.","Telekommunikationsunternehmen, Streaming-Dienste, SaaS-Unternehmen, Banken, Versicherungen (Subscription-basierte Geschäftsmodelle).","In abonnementbasierten Unternehmen und solchen mit hoher Kundeninteraktion etabliert.","Customer Success Management, CRM-Team, Marketing, Vertrieb.","Telekommunikation, SaaS, Streaming-Dienste, Finanzdienstleistungen, E-Commerce (mit Kundenkonten)","Customer Relationship Management (CRM), Marketing, Vertrieb, Customer Success","Mittel bis Hoch","Sehr hoch (Kundenerhaltung ist deutlich günstiger als Neuakquise)","Umfassende historische Kundendaten, CRM-Integration, definierte Prozesse für Kundenbindungsmaßnahmen.",
"30","KI-gestützte Contract Intelligence und automatisierte Vertragsprüfung","Automatische Analyse und Prüfung von Verträgen auf Risiken, Compliance-Vorgaben, Standardklauseln und Optimierungspotentiale.","Manuelle Vertragsprüfung ist extrem zeitaufwendig, kostenintensiv, fehleranfällig und erfordert hochqualifiziertes Personal. Große Vertragsbestände sind oft schwer zu überblicken und auf Risiken zu analysieren.","Natural Language Processing (NLP) und Machine Learning Algorithmen extrahieren Schlüsselinformationen aus Verträgen (z.B. Vertragsparteien, Laufzeiten, Haftungsklauseln, Zahlungsbedingungen). Die KI kann Verträge mit Standardvorlagen abgleichen, riskante oder non-standard Klauseln identifizieren, Compliance-Prüfungen durchführen (z.B. DSGVO-Konformität) und Abweichungen hervorheben.","Bis zu 80% Zeitersparnis bei der Vertragsprüfung, Reduktion externer Rechtsberatungskosten, verbesserte Compliance und Risikominimierung, schnellere Vertragsabschlüsse, bessere Verhandlungsposition durch schnelle Analyse.","JPMorgan Chase COIN (Contract Intelligence), Legal Tech Lösungen (z.B. Luminance, Kira Systems, Leverton – viele wurden von größeren Unternehmen übernommen), große Anwaltskanzleien und Rechtsabteilungen.","Zunehmend in Rechts- und Compliance-Abteilungen sowie in der Due Diligence implementiert.","Rechtsabteilung (Legal), Compliance, Einkauf (Procurement), M&A-Teams.","Alle Branchen (besonders: Finanzwesen, Immobilien, Großunternehmen mit vielen Verträgen)","Legal, Compliance, Procurement, Sales (Vertragserstellung), M&A","Hoch","Hoch (Zeitersparnis, Risikoreduktion, Kostensenkung)","Digitale Verträge (eingescannt oder digital erstellt), ausreichend Trainingsdaten (annotierte Verträge) für spezifische Klauseln, Integration mit Dokumentenmanagementsystemen.",
